{"_runtime":532.853797,"_step":18759,"loss":0.06483794003725052,"accuracy":1,"_timestamp":1.7367938922195709e+09,"Images":{"count":16,"filenames":["media/images/Images_18759_154d6db493cadb4e98e9.png","media/images/Images_18759_311cf43580c9107adfd1.png","media/images/Images_18759_e8d732aeb855146503a6.png","media/images/Images_18759_4b521f6722729f42ecc3.png","media/images/Images_18759_f61de0c31d9a19a27775.png","media/images/Images_18759_9edd147bb12765bffc17.png","media/images/Images_18759_99e1e6e547ea3a7f28de.png","media/images/Images_18759_b08c2e063eada4d49458.png","media/images/Images_18759_5b80ce8522662684e789.png","media/images/Images_18759_e72b9ac2029c7e867e93.png","media/images/Images_18759_c54a459fc49cc78578f3.png","media/images/Images_18759_156d19bcccb3d86616ca.png","media/images/Images_18759_074486d2ca80630e0382.png","media/images/Images_18759_3cf8bcc99cc09fbf88c9.png","media/images/Images_18759_7fd84ce112ed791f4470.png","media/images/Images_18759_d28e17aee82ddfb3067f.png"],"_type":"images/separated","width":28,"height":28,"format":"png"},"_wandb":{"runtime":533}}