{"Images":{"count":32,"filenames":["media/images/Images_6051_02e1c000fb1dd5e59050.png","media/images/Images_6051_d2d1f68b0996bbf3d0f3.png","media/images/Images_6051_23c8776bd9d6a3753698.png","media/images/Images_6051_dfc09723bab7e90e80ea.png","media/images/Images_6051_6a38daa8ac029770c473.png","media/images/Images_6051_1af32cb3abb39dda1bd5.png","media/images/Images_6051_42023963006f101c975c.png","media/images/Images_6051_7b0bb099a451a15f4019.png","media/images/Images_6051_fde5985bd249d99a7140.png","media/images/Images_6051_e419be632fa19018c9ea.png","media/images/Images_6051_98d78b348956c9df3f5b.png","media/images/Images_6051_f2dd510fd0f7c8f1e713.png","media/images/Images_6051_a05689f34e130f17c4ee.png","media/images/Images_6051_621b787909fb34262809.png","media/images/Images_6051_85b26a887754c58571ef.png","media/images/Images_6051_a4ce258f7235bebe9fdf.png","media/images/Images_6051_bc7865a8d9a4f4fd0fe0.png","media/images/Images_6051_b4e248807417144a5fd2.png","media/images/Images_6051_c5aa5cba00deef1bedfe.png","media/images/Images_6051_e803b0bddf28767353e2.png","media/images/Images_6051_cf05f3f0ae8d13010a57.png","media/images/Images_6051_b2f74b932a220b3d2e08.png","media/images/Images_6051_19de0fc0cc388fcf3e09.png","media/images/Images_6051_769c1770436bd956e21b.png","media/images/Images_6051_8dfd4cb440f8ea70f763.png","media/images/Images_6051_6be48e8359c88c87425e.png","media/images/Images_6051_72a03bd20b9f03d46a38.png","media/images/Images_6051_8cbda1ff555018ac3dda.png","media/images/Images_6051_dc4d8016d3e6fe210faf.png","media/images/Images_6051_b654563561e733247926.png","media/images/Images_6051_8804aec46d677b447fcb.png","media/images/Images_6051_5fb062a86aa5632b4420.png"],"_type":"images/separated","width":28,"height":28,"format":"png"},"_wandb":{"runtime":161},"_step":6052,"loss":0.22572559118270874,"accuracy":0.90625,"_timestamp":1.7367926842649431e+09,"_runtime":161.745763}
