{"_step":38,"Images":{"width":28,"height":28,"format":"png","count":32,"filenames":["media/images/Images_37_74b1bf6984fe91153b6b.png","media/images/Images_37_b607171a955e5d33c082.png","media/images/Images_37_4523747add631cb361e9.png","media/images/Images_37_9cc0851cd2263790b67d.png","media/images/Images_37_e0f95937ab8f8cc12b78.png","media/images/Images_37_048a44404665eef8474f.png","media/images/Images_37_baf1018e12acfe6900f2.png","media/images/Images_37_b9e8983efd7c9af495f6.png","media/images/Images_37_f6330972a1631b77b08a.png","media/images/Images_37_c40998349c09255ca82d.png","media/images/Images_37_de380523f7627c33cc1b.png","media/images/Images_37_7d07f958fe3c3366c7a8.png","media/images/Images_37_2d0451773ea024dfe140.png","media/images/Images_37_b9feebd4ed3e17aa31c7.png","media/images/Images_37_03e08424989e312ad1ac.png","media/images/Images_37_ad155f5a4ea7f0adbc7c.png","media/images/Images_37_b0b2c26e30b0d17b91c6.png","media/images/Images_37_85aa4dd0dae0687b66f6.png","media/images/Images_37_5db61e48d5116a816b88.png","media/images/Images_37_09935476f13f270b5a31.png","media/images/Images_37_e3a67ca38d95de99866e.png","media/images/Images_37_fc34ff7443de23d2de9a.png","media/images/Images_37_322401ef4f04fbbf3c6a.png","media/images/Images_37_dc73e507ac9084e0660e.png","media/images/Images_37_cd1871e1d091a93c09b8.png","media/images/Images_37_489858150b538823a578.png","media/images/Images_37_468f599eaa2e1331e202.png","media/images/Images_37_a9ce678511035807b441.png","media/images/Images_37_02cdbde231dacc4d3899.png","media/images/Images_37_7784c45870151ba475e3.png","media/images/Images_37_33da4deae8847336d731.png","media/images/Images_37_beb7713507748be8b54d.png"],"_type":"images/separated"},"_wandb":{"runtime":2},"loss":2.1981117725372314,"accuracy":0.3125,"_timestamp":1.736792715295447e+09,"_runtime":2.395801}