{"_step":9379,"loss":0.0946539044380188,"accuracy":0.9375,"_wandb":{"runtime":48},"_timestamp":1.736792437085692e+09,"_runtime":48.040474}
