{"accuracy":0.0625,"_timestamp":1.736792702317739e+09,"_runtime":1.73383,"_step":1,"Images":{"filenames":["media/images/Images_1_8725f17125f8d56f8726.png","media/images/Images_1_1ee84114ce690069489d.png","media/images/Images_1_fbe5345a48f03a4ea440.png","media/images/Images_1_1bd0b63ce24f6cbcae3d.png","media/images/Images_1_2ae521b2c7f5622901c8.png","media/images/Images_1_233839861767ffda848f.png","media/images/Images_1_9fed42ba5d07d1909e60.png","media/images/Images_1_d50888a09a8ba30b41fc.png","media/images/Images_1_2af3581762f4eef673fd.png","media/images/Images_1_649789430aba0600596b.png","media/images/Images_1_4c12198c8c33028b2334.png","media/images/Images_1_2921e1b7bf4f7337e39d.png","media/images/Images_1_91fee406738b960bb16b.png","media/images/Images_1_175abd81405ee4e4a020.png","media/images/Images_1_a10faa4f321b040aaa38.png","media/images/Images_1_0cb62dbf326392219091.png","media/images/Images_1_ef8a80bd6bf9b13476db.png","media/images/Images_1_5e23abf97c7d16237cbb.png","media/images/Images_1_d28c16303c03d6dc1ee9.png","media/images/Images_1_fc794d55e32324606fcf.png","media/images/Images_1_e26f77a1d0f25a3f245a.png","media/images/Images_1_6e98fe47fa4dde7c9b89.png","media/images/Images_1_973ea2f02b4eb6b9949c.png","media/images/Images_1_5c4a1bbfa1e530e9324b.png","media/images/Images_1_458bbc582236dca3acd1.png","media/images/Images_1_bbde85ee2c6e084aaf9e.png","media/images/Images_1_9b42af8452eef9399174.png","media/images/Images_1_9eae775671fba32a6114.png","media/images/Images_1_a1d2617af64e8b8b80f2.png","media/images/Images_1_8806d0d67ade0739a716.png","media/images/Images_1_6f1441863f250330ad38.png","media/images/Images_1_dddcc8fdfe09623013c4.png"],"_type":"images/separated","width":28,"height":28,"format":"png","count":32},"_wandb":{"runtime":2},"loss":2.3262150287628174}